<?xml version="1.0" encoding="UTF-8"?>
<serviceTemplates syntaxversion="2.1.0.0" xmlns="http://www.n-able.com"
    xmlns:xsi="http://www.w3.org/2001/XMLSchema-instance" xsi:schemaLocation="http://www.n-able.com file:///opt/nable/var/ncsai/etc/servicetemplate_v2_1_0_0.xsd">
    <serviceTemplate id="-1" version="2.1.0.0">
        <name>AD Security Checks</name>
        <description>Generalized AD Security Checks Outputs report to C:\IT\Reports</description>
        <deviceClass>Servers - Windows</deviceClass>
        <removesServices>false</removesServices>
        <services>
            <service autoReapply="false" id="558182"
                isCustomService="true" name="AD Security Checks">
                <configurationName>AD Security Checks</configurationName>
                <action actionId="2"/>
                <parameters>
                    <parameter key="serviceIdentifier"
                        parameterId="11959738" type="2"
                        useAssetInfo="false" useDefaultValue="true" value=""/>
                    <parameter key="scan_interval"
                        parameterId="229907623" type="2"
                        useAssetInfo="false" useDefaultValue="true" value="0 0 0/2 * * ? *"/>
                </parameters>
                <thresholds>
                    <threshold detailName="SD558182_oDisabledUser"
                        monitoringType="Default" taskState="3"
                        valueHigh="4000" valueLow="0" valueString="" valueStringEval=""/>
                    <threshold detailName="SD558182_oDisabledUser"
                        monitoringType="Default" taskState="4"
                        valueHigh="-1" valueLow="-1" valueString="" valueStringEval=""/>
                    <threshold detailName="SD558182_oDisabledUser"
                        monitoringType="Default" taskState="5"
                        valueHigh="-2" valueLow="-2" valueString="" valueStringEval=""/>
                    <threshold detailName="SD558182_oDomain"
                        monitoringType="Default" taskState="3"
                        valueHigh="1" valueLow="1" valueString="." valueStringEval="contain"/>
                    <threshold detailName="SD558182_oDomain"
                        monitoringType="Default" taskState="5"
                        valueHigh="0" valueLow="0" valueString="." valueStringEval="contain"/>
                    <threshold detailName="SD558182_oEnabledUser"
                        monitoringType="Default" taskState="3"
                        valueHigh="4000" valueLow="0" valueString="" valueStringEval=""/>
                    <threshold detailName="SD558182_oEnabledUser"
                        monitoringType="Default" taskState="4"
                        valueHigh="-1" valueLow="-1" valueString="" valueStringEval=""/>
                    <threshold detailName="SD558182_oEnabledUser"
                        monitoringType="Default" taskState="5"
                        valueHigh="-2" valueLow="-2" valueString="" valueStringEval=""/>
                    <threshold detailName="SD558182_oInactiveUser"
                        monitoringType="Default" taskState="3"
                        valueHigh="4000" valueLow="0" valueString="" valueStringEval=""/>
                    <threshold detailName="SD558182_oInactiveUser"
                        monitoringType="Default" taskState="4"
                        valueHigh="-1" valueLow="-1" valueString="" valueStringEval=""/>
                    <threshold detailName="SD558182_oInactiveUser"
                        monitoringType="Default" taskState="5"
                        valueHigh="-2" valueLow="-2" valueString="" valueStringEval=""/>
                    <threshold detailName="SD558182_oKerbPreAuthUser"
                        monitoringType="Default" taskState="3"
                        valueHigh="0" valueLow="0" valueString="" valueStringEval=""/>
                    <threshold detailName="SD558182_oKerbPreAuthUser"
                        monitoringType="Default" taskState="4"
                        valueHigh="-1" valueLow="-1" valueString="" valueStringEval=""/>
                    <threshold detailName="SD558182_oKerbPreAuthUser"
                        monitoringType="Default" taskState="5"
                        valueHigh="4000" valueLow="1" valueString="" valueStringEval=""/>
                    <threshold detailName="SD558182_oKerbUser"
                        monitoringType="Default" taskState="3"
                        valueHigh="0" valueLow="0" valueString="" valueStringEval=""/>
                    <threshold detailName="SD558182_oKerbUser"
                        monitoringType="Default" taskState="4"
                        valueHigh="-1" valueLow="-1" valueString="" valueStringEval=""/>
                    <threshold detailName="SD558182_oKerbUser"
                        monitoringType="Default" taskState="5"
                        valueHigh="4000" valueLow="1" valueString="" valueStringEval=""/>
                    <threshold detailName="SD558182_oLockDurationFlag"
                        monitoringType="Default" taskState="3"
                        valueHigh="1" valueLow="1" valueString="True" valueStringEval="match"/>
                    <threshold detailName="SD558182_oLockDurationFlag"
                        monitoringType="Default" taskState="5"
                        valueHigh="0" valueLow="0" valueString="True" valueStringEval="match"/>
                    <threshold detailName="SD558182_oLockObserveFlag"
                        monitoringType="Default" taskState="3"
                        valueHigh="1" valueLow="1" valueString="True" valueStringEval="match"/>
                    <threshold detailName="SD558182_oLockObserveFlag"
                        monitoringType="Default" taskState="5"
                        valueHigh="0" valueLow="0" valueString="True" valueStringEval="match"/>
                    <threshold detailName="SD558182_oLockThreshold"
                        monitoringType="Default" taskState="3"
                        valueHigh="10" valueLow="1" valueString="" valueStringEval=""/>
                    <threshold detailName="SD558182_oLockThreshold"
                        monitoringType="Default" taskState="4"
                        valueHigh="24" valueLow="11" valueString="" valueStringEval=""/>
                    <threshold detailName="SD558182_oLockThreshold"
                        monitoringType="Default" taskState="5"
                        valueHigh="0" valueLow="0" valueString="" valueStringEval=""/>
                    <threshold detailName="SD558182_oMaxPwdAgeFlag"
                        monitoringType="Default" taskState="3"
                        valueHigh="1" valueLow="1" valueString="True" valueStringEval="match"/>
                    <threshold detailName="SD558182_oMaxPwdAgeFlag"
                        monitoringType="Default" taskState="5"
                        valueHigh="0" valueLow="0" valueString="True" valueStringEval="match"/>
                    <threshold detailName="SD558182_oMinPwdAgeFlag"
                        monitoringType="Default" taskState="3"
                        valueHigh="1" valueLow="1" valueString="True" valueStringEval="match"/>
                    <threshold detailName="SD558182_oMinPwdAgeFlag"
                        monitoringType="Default" taskState="5"
                        valueHigh="0" valueLow="0" valueString="True" valueStringEval="match"/>
                    <threshold detailName="SD558182_oMinPwdLen"
                        monitoringType="Default" taskState="3"
                        valueHigh="48" valueLow="14" valueString="" valueStringEval=""/>
                    <threshold detailName="SD558182_oMinPwdLen"
                        monitoringType="Default" taskState="4"
                        valueHigh="0" valueLow="-1" valueString="" valueStringEval=""/>
                    <threshold detailName="SD558182_oMinPwdLen"
                        monitoringType="Default" taskState="5"
                        valueHigh="13" valueLow="1" valueString="" valueStringEval=""/>
                    <threshold detailName="SD558182_oNotes"
                        monitoringType="Default" taskState="3"
                        valueHigh="1" valueLow="1" valueString=" " valueStringEval="contain"/>
                    <threshold detailName="SD558182_oNotes"
                        monitoringType="Default" taskState="5"
                        valueHigh="0" valueLow="0" valueString=" " valueStringEval="contain"/>
                    <threshold detailName="SD558182_oPDC"
                        monitoringType="Default" taskState="3"
                        valueHigh="1" valueLow="1" valueString="." valueStringEval="contain"/>
                    <threshold detailName="SD558182_oPDC"
                        monitoringType="Default" taskState="5"
                        valueHigh="0" valueLow="0" valueString="." valueStringEval="contain"/>
                    <threshold detailName="SD558182_oPwdComplex"
                        monitoringType="Default" taskState="3"
                        valueHigh="1" valueLow="1" valueString="True" valueStringEval="match"/>
                    <threshold detailName="SD558182_oPwdComplex"
                        monitoringType="Default" taskState="5"
                        valueHigh="0" valueLow="0" valueString="True" valueStringEval="match"/>
                    <threshold detailName="SD558182_oPwdHistory"
                        monitoringType="Default" taskState="3"
                        valueHigh="60" valueLow="24" valueString="" valueStringEval=""/>
                    <threshold detailName="SD558182_oPwdHistory"
                        monitoringType="Default" taskState="4"
                        valueHigh="-1" valueLow="-2" valueString="" valueStringEval=""/>
                    <threshold detailName="SD558182_oPwdHistory"
                        monitoringType="Default" taskState="5"
                        valueHigh="23" valueLow="0" valueString="" valueStringEval=""/>
                    <threshold detailName="SD558182_oPwdNoExpire"
                        monitoringType="Default" taskState="3"
                        valueHigh="0" valueLow="0" valueString="" valueStringEval=""/>
                    <threshold detailName="SD558182_oPwdNoExpire"
                        monitoringType="Default" taskState="4"
                        valueHigh="-1" valueLow="-1" valueString="" valueStringEval=""/>
                    <threshold detailName="SD558182_oPwdNoExpire"
                        monitoringType="Default" taskState="5"
                        valueHigh="4000" valueLow="1" valueString="" valueStringEval=""/>
                    <threshold detailName="SD558182_oPwdNoRequire"
                        monitoringType="Default" taskState="3"
                        valueHigh="0" valueLow="0" valueString="" valueStringEval=""/>
                    <threshold detailName="SD558182_oPwdNoRequire"
                        monitoringType="Default" taskState="4"
                        valueHigh="-1" valueLow="-1" valueString="" valueStringEval=""/>
                    <threshold detailName="SD558182_oPwdNoRequire"
                        monitoringType="Default" taskState="5"
                        valueHigh="4000" valueLow="1" valueString="" valueStringEval=""/>
                    <threshold detailName="SD558182_oRevEncrypt"
                        monitoringType="Default" taskState="3"
                        valueHigh="1" valueLow="1" valueString="False" valueStringEval="match"/>
                    <threshold detailName="SD558182_oRevEncrypt"
                        monitoringType="Default" taskState="5"
                        valueHigh="0" valueLow="0" valueString="False" valueStringEval="match"/>
                    <threshold detailName="SD558182_oRevEncryptUser"
                        monitoringType="Default" taskState="3"
                        valueHigh="0" valueLow="0" valueString="" valueStringEval=""/>
                    <threshold detailName="SD558182_oRevEncryptUser"
                        monitoringType="Default" taskState="4"
                        valueHigh="-1" valueLow="-1" valueString="" valueStringEval=""/>
                    <threshold detailName="SD558182_oRevEncryptUser"
                        monitoringType="Default" taskState="5"
                        valueHigh="4000" valueLow="1" valueString="" valueStringEval=""/>
                    <threshold detailName="SD558182_oSIDHistory"
                        monitoringType="Default" taskState="3"
                        valueHigh="4000" valueLow="0" valueString="" valueStringEval=""/>
                    <threshold detailName="SD558182_oSIDHistory"
                        monitoringType="Default" taskState="4"
                        valueHigh="-1" valueLow="-1" valueString="" valueStringEval=""/>
                    <threshold detailName="SD558182_oSIDHistory"
                        monitoringType="Default" taskState="5"
                        valueHigh="-2" valueLow="-2" valueString="" valueStringEval=""/>
                    <threshold detailName="SD558182_oTotUser"
                        monitoringType="Default" taskState="3"
                        valueHigh="4000" valueLow="0" valueString="" valueStringEval=""/>
                    <threshold detailName="SD558182_oTotUser"
                        monitoringType="Default" taskState="4"
                        valueHigh="-1" valueLow="-1" valueString="" valueStringEval=""/>
                    <threshold detailName="SD558182_oTotUser"
                        monitoringType="Default" taskState="5"
                        valueHigh="-2" valueLow="-2" valueString="" valueStringEval=""/>
                </thresholds>
                <selfHealing>
                    <selfHealingProperty
                        key="retryMonitoringBeforeSelfHeal" value="false"/>
                    <selfHealingProperty key="executeSelfHeal" value="false"/>
                    <selfHealingProperty
                        key="retryMonitoringIntervalAfterSelfHeal" value="10"/>
                    <selfHealingProperty
                        key="retryMonitoringCountAfterSelfHeal" value="3"/>
                    <selfHealingProperty key="selectedAutomationPolicy" value=""/>
                    <selfHealingProperty key="notificationType" value="FollowStandardNotificationRules"/>
                    <selfHealingProperty
                        key="retryMonitoringCountBeforeSelfHeal" value="3"/>
                    <selfHealingProperty key="waitIntervalAfterSelfHeal" value="3"/>
                    <selfHealingProperty key="selectedStatuses" value=""/>
                    <selfHealingProperty
                        key="retryMonitoringIntervalBeforeSelfHeal" value="10"/>
                </selfHealing>
            </service>
        </services>
    </serviceTemplate>
</serviceTemplates>
